Id,Label
chanollili,chanollili
cross5566,cross5566
indium111,indium111
envwatch,envwatch
MZVC,MZVC
ice80712,ice80712
yuxds,yuxds
lwt501cx,lwt501cx
freshmints,freshmints
mrlcoco,mrlcoco
allen0080,allen0080
castalchen,castalchen
winu,winu
dbyellow,dbyellow
richjf,richjf
Crazyfire,Crazyfire
brella,brella
oncemore,oncemore
fdd486,fdd486
slimak,slimak
airphone,airphone
Groger,Groger
theskyofblue,theskyofblue
pupu20317,pupu20317
ItjustLove,ItjustLove
Airman1030,Airman1030
tomandnico,tomandnico
omanorboyo,omanorboyo
andy02,andy02
Luciferspear,Luciferspear
ilovedt,ilovedt
nnkj,nnkj
airways,airways
Justice5566,Justice5566
jironan,jironan
lim98989,lim98989
shenmue1001,shenmue1001
abc32521,abc32521
negatron,negatron
aja1008,aja1008
lasekoutkast,lasekoutkast
zebra7,zebra7
vizcacha,vizcacha
littmann,littmann
onetwo01,onetwo01
jackyhsiao,jackyhsiao
azcookie,azcookie
kronioel,kronioel
bg00004,bg00004
harris30100,harris30100
poemlin,poemlin
a6565a1,a6565a1
fenrisfang,fenrisfang
js255076,js255076
hauwie,hauwie
QbChiu,QbChiu
picapoya,picapoya
serv828,serv828
KDGC,KDGC
hotrain13,hotrain13
manygod,manygod
chava,chava
johnny9667,johnny9667
k7909916k,k7909916k
cerenin,cerenin
bullace,bullace
lword,lword
cutesnow,cutesnow
handlesome,handlesome
a760981,a760981
insomniatw,insomniatw
heat0204,heat0204
nicholas0406,nicholas0406
s555666,s555666
scott0104,scott0104
Dazzium,Dazzium
cycy771489,cycy771489
douglasjs,douglasjs
koala70136,koala70136
cochu,cochu
roy53,roy53
milkonsale,milkonsale
peterturtle,peterturtle
lenta,lenta
r13974682,r13974682
touchbird,touchbird
greprep,greprep
hammers,hammers
webster1112,webster1112
live1002,live1002
tigerzz3,tigerzz3
akway,akway
coonash,coonash
AGODFATHER,AGODFATHER
Afae,Afae
knightwww,knightwww
cougar0922,cougar0922
generally,generally
eterbless,eterbless
MVPGGYY,MVPGGYY
jack0216,jack0216
aa55667878,aa55667878
lakeisland,lakeisland
amego2017,amego2017
simata,simata
tenfu,tenfu
miler22020,miler22020
pda2001,pda2001
kenshin333,kenshin333
eiri526,eiri526
i92219,i92219
roee333,roee333
sinon0123,sinon0123
ktpp,ktpp
silentence,silentence
brennen,brennen
os2CV,os2CV
takuminauki,takuminauki
wendy1wang,wendy1wang
jkl4566654,jkl4566654
akakbest,akakbest
ghghfftjack,ghghfftjack
jerrylin,jerrylin
younggrass,younggrass
astrayzip,astrayzip
neiger,neiger
AnimalKing,AnimalKing
mikepopkimo,mikepopkimo
Cosmoswalker,Cosmoswalker
jenchieh5,jenchieh5
Tohkachan,Tohkachan
zeumax,zeumax
rsarsazz,rsarsazz
peterha5491,peterha5491
wilson200106,wilson200106
momocom,momocom
abc55643,abc55643
alberchi,alberchi
diefishfish,diefishfish
async,async
l23l23,l23l23
stevencool,stevencool
OEC100,OEC100
kaommmsss,kaommmsss
patentstm,patentstm
dazzzlee,dazzzlee
momo28,momo28
dido0208,dido0208
pandp,pandp
kepf,kepf
sbflight,sbflight
aa01081008tw,aa01081008tw
Joeng,Joeng
tijopig,tijopig
s916813,s916813
eric2057,eric2057
wwpuma,wwpuma
slimfat0202,slimfat0202
kuso2005,kuso2005
JackTheRippe,JackTheRippe
daniel1344,daniel1344
s985332,s985332
EdisonDeng,EdisonDeng
Annis812,Annis812
nckuff,nckuff
MonkeyCL,MonkeyCL
fdtu0928,fdtu0928
prkfcpr,prkfcpr
rndsulgye,rndsulgye
victor0lynn,victor0lynn
poisonshing,poisonshing
dream99,dream99
DustToDust,DustToDust
Gaujing,Gaujing
saiyuki1412,saiyuki1412
shawncarter,shawncarter
kyle5241,kyle5241
dlija7814,dlija7814
urreed,urreed
totenkopf001,totenkopf001
henry46277,henry46277
tskier,tskier
DendiQ,DendiQ
jason748,jason748
a6268538,a6268538
kuninaka,kuninaka
sobiNOva,sobiNOva
raysun011081,raysun011081
hanofcksh,hanofcksh
skylion,skylion
smh0427,smh0427
HcdEing,HcdEing
a71085,a71085
gtfour,gtfour
smallkaka,smallkaka
maydayGUN,maydayGUN
beanseven,beanseven
liuyc888,liuyc888
DarkKnight,DarkKnight
coolcjy,coolcjy
skyringcha,skyringcha
kess,kess
kinoko1224,kinoko1224
c1951,c1951
hank28,hank28
lost0816,lost0816
shields5566,shields5566
PenguinLee,PenguinLee
cama,cama
chean1020,chean1020
angeltear15,angeltear15
kadolong,kadolong
wugi,wugi
sandemo,sandemo
kichyo,kichyo
abbkg,abbkg
ish7183,ish7183
Yourmotherla,Yourmotherla
blue09,blue09
iloorange,iloorange
apple30,apple30
femc0811,femc0811
WrongHole,WrongHole
kylinweapon,kylinweapon
cisyong,cisyong
poolplayer,poolplayer
Keitaro,Keitaro
dxoxb,dxoxb
issemn,issemn
rovemberrain,rovemberrain
sc6003pc,sc6003pc
cooldogy1973,cooldogy1973
smartid,smartid
hygen,hygen
kk8921647,kk8921647
lizardc1,lizardc1
Orisinal,Orisinal
KurtCobain,KurtCobain
FireAce1986,FireAce1986
rumor3456,rumor3456
godispower,godispower
jeromeshih,jeromeshih
lovelove5566,lovelove5566
Booklt,Booklt
Tiphareth,Tiphareth
lavarslaker,lavarslaker
SoftPig,SoftPig
a2005414,a2005414
mark2326,mark2326
zoeapezoo,zoeapezoo
bkm1,bkm1
kenro,kenro
marunouchi,marunouchi
garone,garone
fortrees,fortrees
webberhan,webberhan
good74152,good74152
eunhailoveu,eunhailoveu
dakkk,dakkk
ccpsdfg0121,ccpsdfg0121
kero2377,kero2377
f860506,f860506
outlookterry,outlookterry
ask77887788,ask77887788
fantasy14,fantasy14
iyawen,iyawen
KANGTA23,KANGTA23
l998,l998
bill750121,bill750121
wang19980531,wang19980531
syensyens,syensyens
bloodyiris,bloodyiris
cosloy,cosloy
chungrew,chungrew
gooho,gooho
moonsmile,moonsmile
flyslam,flyslam
chenyei,chenyei
XXXXLINDA,XXXXLINDA
gundamguy,gundamguy
gourmand,gourmand
kbook,kbook
bill90211,bill90211
v19791119,v19791119
PianoChicken,PianoChicken
craymond,craymond
mithralin,mithralin
kaku6,kaku6
lunarblue,lunarblue
taylorking,taylorking
lymyuming,lymyuming
MisuzuXD,MisuzuXD
FOB5566,FOB5566
d125383957,d125383957
miyagisamon,miyagisamon
Syoshinsya,Syoshinsya
Evoque,Evoque
oneyear,oneyear
wmtsung,wmtsung
jjjjjjs,jjjjjjs
sampttsam,sampttsam
markyu64,markyu64
KillerMoDo,KillerMoDo
ddabc1234,ddabc1234
jonathan8032,jonathan8032
a0921387223,a0921387223
aoyama618,aoyama618
princeguitar,princeguitar
omoi1988,omoi1988
fedona,fedona
Dia149,Dia149
kymcoco,kymcoco
elmoman,elmoman
autokey,autokey
great007,great007
HXKETRTUE,HXKETRTUE
nightwing,nightwing
TFK822,TFK822
TheoEpstein,TheoEpstein
trasia,trasia
gaygay5566,gaygay5566
TW1762WK,TW1762WK
takenostand,takenostand
lifesoar,lifesoar
iamsocool,iamsocool
Marchosias,Marchosias
allyourshit,allyourshit
tsai529,tsai529
emptie,emptie
kuloda,kuloda
MrJohn,MrJohn
et69523820,et69523820
ben0715,ben0715
tmcharvard,tmcharvard
Liaocavalier,Liaocavalier
cg7123456,cg7123456
a80563,a80563
stw82,stw82
Friend5566,Friend5566
fishinwater1,fishinwater1
e12518166339,e12518166339
toastegg,toastegg
kevinfu0530,kevinfu0530
OmniAlter,OmniAlter
a195732684,a195732684
bradyhau106,bradyhau106
grana,grana
aaa11334,aaa11334
chenstar1234,chenstar1234
yuanfuk,yuanfuk
Ligamenta,Ligamenta
funwing,funwing
kazekaze,kazekaze
sharkimage,sharkimage
tomx,tomx
DavidFoster,DavidFoster
madmed,madmed
katanakiller,katanakiller
spongegod,spongegod
ashura1234,ashura1234
protoss97,protoss97
ferrinatice,ferrinatice
gotrend,gotrend
lion3306,lion3306
flying25,flying25
suny921,suny921
Sunofgod,Sunofgod
sienco,sienco
greatyang,greatyang
esienhour,esienhour
peterqoo,peterqoo
eupa1973,eupa1973
charmingpink,charmingpink
tingjj,tingjj
geordie,geordie
leersing,leersing
yun0615ch,yun0615ch
rogudan,rogudan
chen628,chen628
a10141013,a10141013
mouz,mouz
pppyy,pppyy
castjane,castjane
benothing,benothing
glenmarlboro,glenmarlboro
a0986188522,a0986188522
YOLULIN1985,YOLULIN1985
turnpoint,turnpoint
tn907915,tn907915
diyaworld,diyaworld
viewpoint54,viewpoint54
uno1944,uno1944
ccc055226,ccc055226
mrcat,mrcat
Ting5213,Ting5213
cloudccw,cloudccw
LTSC1980,LTSC1980
interrupt1,interrupt1
andrejiao,andrejiao
wolfluen,wolfluen
lwamp,lwamp
jokem,jokem
keydata,keydata
sulunpas,sulunpas
greenday0827,greenday0827
bolide77,bolide77
ahuahala,ahuahala
Arthurseed,Arthurseed
nildog,nildog
chioio,chioio
LiangNight,LiangNight
midasptt,midasptt
pp9960,pp9960
ccsung,ccsung
onlygoog,onlygoog
yoseii,yoseii
GameGyu,GameGyu
godog,godog
lowsan,lowsan
coyoteY,coyoteY
vega790205,vega790205
vn509942,vn509942
wizardfizban,wizardfizban
isaluku,isaluku
crazypeo45,crazypeo45
kaowill,kaowill
genius721105,genius721105
sagem29,sagem29
angel6502,angel6502
kairi5217,kairi5217
WTF55665566,WTF55665566
zaxs12333,zaxs12333
dennisdecade,dennisdecade
whitecow,whitecow
adream,adream
frank01,frank01
sazabik,sazabik
Nano,Nano
enkidu0830,enkidu0830
k1k1832002,k1k1832002
s3z15a3z15a,s3z15a3z15a
nask,nask
livi362,livi362
NuevaMendoza,NuevaMendoza
murray,murray
flowersuger,flowersuger
alans,alans
sl11pman,sl11pman
CenaWang,CenaWang
JRSmith,JRSmith
Reisuty,Reisuty
freakpoor,freakpoor
Molester5566,Molester5566
gogoto990,gogoto990
zomb12,zomb12
lesserpanda,lesserpanda
adort,adort
goetze,goetze
mazznia,mazznia
SammyDeluxe,SammyDeluxe
KiwiSoda01,KiwiSoda01
zaq1xsw2121,zaq1xsw2121
soulism,soulism
devirnt,devirnt
PLAYGGGG,PLAYGGGG
aifighter,aifighter
Sinreigensou,Sinreigensou
histing,histing
huikmn,huikmn
cblade,cblade
GGdong,GGdong
RisingTackle,RisingTackle
fish10241,fish10241
holygoner,holygoner
heyjude1118,heyjude1118
hernest01,hernest01
RLH,RLH
offstage,offstage
yulin0619,yulin0619
greg7575,greg7575
mikezip,mikezip
ucherey,ucherey
SourireMask,SourireMask
kkb512sk,kkb512sk
WanDunTiger,WanDunTiger
kiki2125,kiki2125
DJSHD2,DJSHD2
jo78jo78,jo78jo78
PunkGrass,PunkGrass
x265,x265
devidevi,devidevi
RachelMcAdam,RachelMcAdam
hankami,hankami
ferrisw,ferrisw
fox141,fox141
fordmvp,fordmvp
want150,want150
ludwickfan,ludwickfan
nychang,nychang
wade59420,wade59420
s5517821,s5517821
Lintw,Lintw
irosehead,irosehead
kncc31,kncc31
abjx,abjx
DICB,DICB
berryc,berryc
r594547,r594547
insingW,insingW
mystage,mystage
HaHaPoint,HaHaPoint
Tubeyou,Tubeyou
thepstar,thepstar
Lawlight,Lawlight
ab4daa,ab4daa
Borges,Borges
neuralandre,neuralandre
x747,x747
ramirez,ramirez
bibiwei,bibiwei
carbomd,carbomd
sturmpionier,sturmpionier
showwin,showwin
OyAlbert,OyAlbert
dogfacehoho,dogfacehoho
leon771170,leon771170
asderavo,asderavo
girl10319,girl10319
mapulcatt,mapulcatt
nikolas,nikolas
reason825,reason825
fcuk9981,fcuk9981
howard098112,howard098112
ktworld,ktworld
lockinboy,lockinboy
Terminals,Terminals
liunwaiqoo,liunwaiqoo
tzenyachin,tzenyachin
sincere77,sincere77
a4302f,a4302f
hateself,hateself
jojomaan,jojomaan
quisk,quisk
adagiox,adagiox
loveup,loveup
agong,agong
paul1951,paul1951
Atwo,Atwo
xx60824xx,xx60824xx
gunng,gunng
fifi0828,fifi0828
Tsucomi69,Tsucomi69
iPenis,iPenis
polotower,polotower
thegame09305,thegame09305
stroy,stroy
virginleo,virginleo
davidturtle,davidturtle
oops66,oops66
victoryman,victoryman
kenyeh001,kenyeh001
astr,astr
greensaru,greensaru
alonzohorse,alonzohorse
kingman0716,kingman0716
winohya,winohya
bizer,bizer
duduchiau,duduchiau
agn0000099,agn0000099
class21535,class21535
vincecarterx,vincecarterx
ra88872,ra88872
wfelix,wfelix
LiveInNow,LiveInNow
if2,if2
lavern1001,lavern1001
iamandre,iamandre
s9523004,s9523004
afishlun,afishlun
nodnarb1027,nodnarb1027
SABA0,SABA0
tarcowang,tarcowang
tosn981,tosn981
c6587924,c6587924
orange07,orange07
Holte,Holte
JustaJunk,JustaJunk
tom501062003,tom501062003
sfh20230,sfh20230
bkool,bkool
tonyhsie,tonyhsie
sorabird,sorabird
Zsanou,Zsanou
Narusawayui,Narusawayui
sumerrain,sumerrain
tenrivers,tenrivers
byrt,byrt
pigboss,pigboss
milleniue,milleniue
ketrobo,ketrobo
pkpk23456,pkpk23456
rainfruit,rainfruit
vm03vm03,vm03vm03
diodelin,diodelin
edwardtp,edwardtp
skycitadel,skycitadel
abab6111,abab6111
ptthuey,ptthuey
sss6515366,sss6515366
jojoway,jojoway
YINCHAUN,YINCHAUN
estrellita,estrellita
smaxtor2002,smaxtor2002
Sale49,Sale49
zaa0210,zaa0210
a396216,a396216
yakiko01,yakiko01
pinknana,pinknana
Beckhung,Beckhung
mark845,mark845
Iamboy183,Iamboy183
tomsonchiou,tomsonchiou
paytonfu,paytonfu
squalljack,squalljack
calbert,calbert
b11223456789,b11223456789
OverRed,OverRed
edisgood,edisgood
sakidiforld,sakidiforld
arus1230,arus1230
ya870801,ya870801
dreamnook,dreamnook
xru03,xru03
august628,august628
ae,ae
Fjuno,Fjuno
chkao,chkao
charlly,charlly
genaro,genaro
ViktorGoogle,ViktorGoogle
timtame23,timtame23
Victory2,Victory2
alvinpom,alvinpom
thinkfun,thinkfun
achiow,achiow
xunhuiwu,xunhuiwu
turbomons,turbomons
ffgordon,ffgordon
jackie0414,jackie0414
gtcb,gtcb
phoenixzero,phoenixzero
tenshouw,tenshouw
a2550099,a2550099
lanx105,lanx105
bezbol,bezbol
doctorboy,doctorboy
lance0904,lance0904
abomgo,abomgo
norman0830,norman0830
chong17,chong17
darkholy,darkholy
frank00427,frank00427
wie23,wie23
meatbear,meatbear
elick007,elick007
lee7317,lee7317
fit,fit
starport,starport
WU0502,WU0502
makoto1982,makoto1982
hoos891405,hoos891405
updowner,updowner
sading7,sading7
wendyayu,wendyayu
abusgun,abusgun
fragment1000,fragment1000
pan1013,pan1013
may60524,may60524
linceass,linceass
FuwafuwaCAT,FuwafuwaCAT
Thorvs,Thorvs
askey,askey
Zphoenix,Zphoenix
tatamishiau,tatamishiau
rayven,rayven
chyou2003,chyou2003
pollux945,pollux945
ctw01,ctw01
XZXie,XZXie
joe2,joe2
rcf150cc,rcf150cc
nk,nk
helloman,helloman
Robben,Robben
david22,david22
abckk,abckk
amadis01,amadis01
eyeter,eyeter
pyrolith,pyrolith
hjbe5932,hjbe5932
Stealer,Stealer
chien955401,chien955401
SLN91412,SLN91412
ekki,ekki
justin037666,justin037666
Katone,Katone
zero549893,zero549893
joey9688,joey9688
dearjohn307,dearjohn307
asdzxc1662,asdzxc1662
Roy,Roy
heylalaman,heylalaman
inthenchen,inthenchen
sunnysam,sunnysam
realblank,realblank
fsu0401,fsu0401
sd810305,sd810305
chengcti,chengcti
MoDoHiYaKu,MoDoHiYaKu
driftingjong,driftingjong
yftsai,yftsai
angellll,angellll
melinux,melinux
morris,morris
randykaku,randykaku
okgod,okgod
wcm,wcm
wayne971,wayne971
amano,amano
BleedWang,BleedWang
owennice,owennice
pedagogik,pedagogik
Billowing,Billowing
rbull,rbull
perec,perec
wowpoqwow,wowpoqwow
TheMvpNash,TheMvpNash
eon4,eon4
peter080808,peter080808
gj94ek,gj94ek
windmax1,windmax1
stratford,stratford
gn00063172,gn00063172
guitarspirit,guitarspirit
andersonlin,andersonlin
royli0425,royli0425
z23061542,z23061542
kabor,kabor
Ogrish,Ogrish
suker,suker
winmingyam,winmingyam
dd8818ois,dd8818ois
agantw,agantw
tagso,tagso
shun01,shun01
radiohead56,radiohead56
ianpttptt,ianpttptt
handfoxx,handfoxx
zxcelephant,zxcelephant
larrysu,larrysu
recount,recount
niko0202,niko0202
yuching726,yuching726
rainfarmer,rainfarmer
Waylon107,Waylon107
airswalker,airswalker
yzvr,yzvr
shoe,shoe
kululualex,kululualex
smallshow3,smallshow3
dai26,dai26
thenorth,thenorth
Evitan,Evitan
freedom168,freedom168
aleezible,aleezible
ARCHER2234,ARCHER2234
pett,pett
annie06045,annie06045
Movice,Movice
urban01,urban01
predo,predo
ChaosCreator,ChaosCreator
sciss1,sciss1
kyokozenki,kyokozenki
wangsanmin,wangsanmin
taretare,taretare
polarfox,polarfox
jokerxl,jokerxl
hashyang,hashyang
holyhelm,holyhelm
Qtrad,Qtrad
arrfu,arrfu
cheinshin,cheinshin
CyBw,CyBw
roger1976,roger1976
rainlinix,rainlinix
BuriBuri,BuriBuri
BlueBird5566,BlueBird5566
corydora,corydora
aquaticplant,aquaticplant
peachnest,peachnest
JER2725,JER2725
gloclovlo,gloclovlo
coolorphen,coolorphen
Doralice,Doralice
ran1124,ran1124
turndown4wat,turndown4wat
toshism,toshism
roka,roka
ring9527,ring9527
cloudeda,cloudeda
cores,cores
davidrich,davidrich
ccvt2132,ccvt2132
wwwai007,wwwai007
mecca,mecca
toking,toking
xujo,xujo
ukif,ukif
supervivian,supervivian
a1223356,a1223356
fxntdsxdr,fxntdsxdr
ryu38,ryu38
Anderson0819,Anderson0819
baby0816,baby0816
mkai,mkai
CYL009,CYL009
Zcould,Zcould
btm978952,btm978952
kyon623,kyon623
ssmm5566,ssmm5566
xox5678,xox5678
feldene,feldene
lnceric008,lnceric008
k1400,k1400
shinmoner,shinmoner
aocboy,aocboy
accoh,accoh
eereer12325,eereer12325
Bonjwa,Bonjwa
andy2300224,andy2300224
s359999,s359999
HAUNTEDHYDE,HAUNTEDHYDE
flower6,flower6
happylinadog,happylinadog
AnewMitch,AnewMitch
athome1,athome1
f016tw,f016tw
maryegg,maryegg
dusker,dusker
tannoy,tannoy
bigchun,bigchun
tingtingya,tingtingya
bignoob,bignoob
JeanSijhih,JeanSijhih
iwilltry,iwilltry
royaljing,royaljing
ssiou,ssiou
THCxyz,THCxyz
VCjersey,VCjersey
willy0526,willy0526
CannonLake,CannonLake
wenge321,wenge321
kidd0,kidd0
lily7777,lily7777
Bosco,Bosco
radi035,radi035
proprome,proprome
qsxesz,qsxesz
ck731122,ck731122
hijuu0823,hijuu0823
quatre00,quatre00
bvcde33wq,bvcde33wq
oops119,oops119
wirewool,wirewool
a1098137129,a1098137129
lepidoptera,lepidoptera
fragmentwing,fragmentwing
joeyben,joeyben
brand1029,brand1029
sodabing,sodabing
leon1757tw,leon1757tw
extrachaos,extrachaos
dreamerV,dreamerV
eternalecho,eternalecho
as885212,as885212
games,games
mikemiao1492,mikemiao1492
sismiku,sismiku
tom50512,tom50512
hwyi,hwyi
DazaiOsamu,DazaiOsamu
lostsky93,lostsky93
nlriey,nlriey
yudofu,yudofu
herculex,herculex
bobby94507,bobby94507
abyssa1,abyssa1
a12375111,a12375111
s8624032,s8624032
peter105096,peter105096
bejay1022,bejay1022
L9C4iO,L9C4iO
CDOL,CDOL
icat2046,icat2046
piercingX,piercingX
Lorran,Lorran
pingtong0602,pingtong0602
abc5555990,abc5555990
sunrise2003,sunrise2003
oBatman,oBatman
Yamada,Yamada
l81311i,l81311i
mmiyamoto,mmiyamoto
fraternity,fraternity
rekonon,rekonon
tim0703,tim0703
KZS,KZS
terminator3,terminator3
smallcar801,smallcar801
warchiefdodo,warchiefdodo
breezy1812,breezy1812
yor,yor
jump9128,jump9128
eternia0920,eternia0920
mind324,mind324
allenpatrick,allenpatrick
yan1979,yan1979
valentian,valentian
kamayer,kamayer
DrOGC,DrOGC
microsugar,microsugar
angelliao37,angelliao37
genheit,genheit
loui123,loui123
kaku413,kaku413
yyyyy,yyyyy
iloveforix,iloveforix
airanfernee,airanfernee
nbarepeat,nbarepeat
viwa,viwa
colon2,colon2
a76078547,a76078547
southes,southes
superya,superya
alexroc,alexroc
F1239810,F1239810
erkunden,erkunden
art1,art1
ShockG,ShockG
wcl1617,wcl1617
zalora,zalora
hbk20491,hbk20491
hawdaiya,hawdaiya
hiroshi22,hiroshi22
Y1999,Y1999
darkdogoblin,darkdogoblin
s4511981,s4511981
shopping0802,shopping0802
fromwilda,fromwilda
arceus,arceus
yyawlin,yyawlin
suzer,suzer
lici0393,lici0393
antony7892,antony7892
soyghcg,soyghcg
zeuswell,zeuswell
nanachi,nanachi
YCLLZDBZM,YCLLZDBZM
X18999,X18999
libraayu,libraayu
yishiuelin,yishiuelin
AndyWT,AndyWT
donotggyy,donotggyy
Rex1009,Rex1009
LiuSky,LiuSky
arnold3,arnold3
finger99,finger99
Hazelburn,Hazelburn
joycewanga,joycewanga
copycat603,copycat603
ccalisa,ccalisa
zzzzzzzzzzzy,zzzzzzzzzzzy
vodkaisgood,vodkaisgood
birdhouse1,birdhouse1
babosa633,babosa633
AtDe,AtDe
ayianayian,ayianayian
chuangtzu,chuangtzu
k24315315,k24315315
kayu,kayu
azteckcc,azteckcc
Peterchiu852,Peterchiu852
fantasyhorse,fantasyhorse
Shermie,Shermie
topic21000,topic21000
emuless,emuless
zego41,zego41
jiayuan,jiayuan
pujipuji,pujipuji
Paulsic,Paulsic
jrbobo,jrbobo
adamas0422,adamas0422
Drkate,Drkate
LonSW72AZ,LonSW72AZ
good2009,good2009
virginmary,virginmary
ginhwa,ginhwa
bludens,bludens
xx49874039,xx49874039
EfiwymsiAros,EfiwymsiAros
henryliao,henryliao
srxteam0935,srxteam0935
gusser,gusser
Xulture,Xulture
ilovebooks91,ilovebooks91
n800088,n800088
z739,z739
lolovero,lolovero
banmi,banmi
jimmyliu1217,jimmyliu1217
ZeroArcher,ZeroArcher
op0089,op0089
Coffeewater,Coffeewater
hbj1941,hbj1941
smartbit,smartbit
MarioBro,MarioBro
artdeco1,artdeco1
ctchens,ctchens
imsphzzz,imsphzzz
Invoka,Invoka
zxcvbbb,zxcvbbb
a654258c,a654258c
WeiKitten,WeiKitten
blessbless,blessbless
kkenex,kkenex
monkeyaaaaa,monkeyaaaaa
archer67,archer67
laal,laal
kapasky,kapasky
liangda,liangda
npcxx,npcxx
Lydio,Lydio
f222051618,f222051618
Tuscany,Tuscany
vincent0911x,vincent0911x
OdaTakeda,OdaTakeda
bluehttp,bluehttp
a19851106,a19851106
Xras,Xras
shiaobai,shiaobai
iloveivy0712,iloveivy0712
bubblewn,bubblewn
KKB,KKB
itachi0609,itachi0609
riomusi,riomusi
givar,givar
pilibobo,pilibobo
sbw0115,sbw0115
dadidi,dadidi
erichang,erichang
f204137,f204137
giantwinter,giantwinter
fattor,fattor
AlfredCheng,AlfredCheng
zhangyi0830,zhangyi0830
nosheep,nosheep
lovemeandyou,lovemeandyou
imkp,imkp
terryporter,terryporter
donkilu,donkilu
colenken,colenken
wildli0422,wildli0422
silver5566,silver5566
ubcs,ubcs
jack21023,jack21023
smallhope,smallhope
benjy0218,benjy0218
starericc,starericc
tel5149,tel5149
meredith001,meredith001
a09162277,a09162277
Akun,Akun
jayway,jayway
asdf0224,asdf0224
Neptunium,Neptunium
njnjy,njnjy
inb,inb
DudeFromMars,DudeFromMars
royroy666,royroy666
greenpine,greenpine
Grandslammmm,Grandslammmm
antipathy,antipathy
dahlia7357,dahlia7357
aikun,aikun
marinetauren,marinetauren
therock0809,therock0809
chord210,chord210
taikonkimo,taikonkimo
ox1005,ox1005
keichi,keichi
j821005,j821005
ILOVEHobr,ILOVEHobr
k23,k23
Aggro,Aggro
wtfmap,wtfmap
sh26225399,sh26225399
somanyee,somanyee
onsk,onsk
don323,don323
pp520,pp520
hguei,hguei
kerry0496x,kerry0496x
ohha0221,ohha0221
casper955033,casper955033
homepig99,homepig99
facefear,facefear
anyweather,anyweather
ypt,ypt
bearsea,bearsea
iridore,iridore
chris590,chris590
i376ers,i376ers
Calcifer,Calcifer
Asclepius,Asclepius
Citer,Citer
uco330,uco330
yyc1217,yyc1217
hyde711034,hyde711034
joe55688,joe55688
babyMclaren,babyMclaren
colormax,colormax
kinmengon,kinmengon
zxc89003,zxc89003
shinny1206,shinny1206
wirecut,wirecut
malisse74,malisse74
jfriendtw,jfriendtw
william80730,william80730
yutakasnow,yutakasnow
ariel0829,ariel0829
matlab1106,matlab1106
srwalan,srwalan
Hall,Hall
SINW,SINW
liudwan,liudwan
eric20,eric20
Koch,Koch
annanicole,annanicole
YMSH205,YMSH205
junghsien,junghsien
Hamiltion22,Hamiltion22
a810086,a810086
RW2010,RW2010
lazycat5,lazycat5
amberini,amberini
devilfruit,devilfruit
jeffky,jeffky
d8511557,d8511557
aaaba,aaaba
aclock,aclock
koalahao,koalahao
braja5566,braja5566
plutox,plutox
ab060986,ab060986
george00799,george00799
william12tw,william12tw
AV771118,AV771118
ZOTA15,ZOTA15
howiekuohr,howiekuohr
ileva3324,ileva3324
lau6m2002,lau6m2002
sheekat,sheekat
hero720,hero720
pkpkc,pkpkc
livingbear,livingbear
manrock,manrock
loveyourself,loveyourself
cfceo,cfceo
ganninian,ganninian
YOTO0282,YOTO0282
CmDawn,CmDawn
ckuser,ckuser
poco0960,poco0960
tcod,tcod
smithjr,smithjr
pgame907,pgame907
rainkate,rainkate
kaminari22tw,kaminari22tw
nt880245,nt880245
Fakhrou,Fakhrou
greedystar1,greedystar1
bill0205,bill0205
barton50195,barton50195
morton7932,morton7932
iecdalu,iecdalu
chunglee,chunglee
PanboStar,PanboStar
ksxo,ksxo
qqq1234,qqq1234
shirman,shirman
Leo4891,Leo4891
willtaiwan,willtaiwan
pointer258,pointer258
ray90910,ray90910
n911012,n911012
LAPDSWAT456,LAPDSWAT456
fly0204,fly0204
joe00477,joe00477
dahanjian,dahanjian
s81048112,s81048112
sleepcat612,sleepcat612
sendtony6,sendtony6
a26893997,a26893997
Kuan1202,Kuan1202
ulli,ulli
lanlance,lanlance
budalearning,budalearning
Matz,Matz
HRyan,HRyan
apenguin,apenguin
OdinSword,OdinSword
mimikillua,mimikillua
phoenixtwo,phoenixtwo
sqetvjj5202,sqetvjj5202
AMD640,AMD640
z80520xx,z80520xx
venatici,venatici
popmentos,popmentos
v2v2123,v2v2123
waggamsn,waggamsn
c891011,c891011
TwiceMomo520,TwiceMomo520
icepet0015,icepet0015
ted0217,ted0217
tommy508,tommy508
IronCube,IronCube
applegoodeat,applegoodeat
char2357,char2357
smallblue,smallblue
suntw,suntw
tritonchang,tritonchang
dragonne,dragonne
zhome2288,zhome2288
poeoe,poeoe
TED781120,TED781120
faust666,faust666
IDfor2010,IDfor2010
j73596,j73596
JoyRex,JoyRex
yesfay,yesfay
kismets,kismets
axyz,axyz
qpeter,qpeter
Andrew90,Andrew90
TiggerLin,TiggerLin
gisasy001,gisasy001
zmiou,zmiou
stvken,stvken
jimlexus,jimlexus
YOSO8601,YOSO8601
woodyj,woodyj
CC97,CC97
LEDG,LEDG
platinum500a,platinum500a
wincentt,wincentt
kreator666,kreator666
batis,batis
ryanwen,ryanwen
f40075566,f40075566
Calderon,Calderon
atzer2002,atzer2002
qd6590,qd6590
samuel655200,samuel655200
xuane,xuane
onepiece2041,onepiece2041
jpg31415926,jpg31415926
ff704,ff704
CORYCHAN,CORYCHAN
goodjob101,goodjob101
QWEC,QWEC
ak47good,ak47good
YingJiou5566,YingJiou5566
youdar,youdar
omage,omage
snakei14702,snakei14702
Lime5566,Lime5566
ArkingChen,ArkingChen
johnwu,johnwu
ckbdfrst,ckbdfrst
necrophagist,necrophagist
hihi29,hihi29
zero00072,zero00072
as7766332211,as7766332211
xamous,xamous
michaelch,michaelch
qkenny,qkenny
jira,jira
mnb1234,mnb1234
stlinman,stlinman
powerdream,powerdream
logitech2004,logitech2004
airyptt,airyptt
dslite,dslite
yniori,yniori
Fant1408,Fant1408
Keng,Keng
Queenie7,Queenie7
mojia,mojia
y2k500077,y2k500077
ken0062,ken0062
ghostl40809,ghostl40809
waijr,waijr
albert1229,albert1229
Brightheat,Brightheat
damilygjo3al,damilygjo3al
Kelvinchen,Kelvinchen
seraphimm,seraphimm
pslr1,pslr1
philxiao,philxiao
Realite,Realite
HsiangFly,HsiangFly
vow70,vow70
tsgd,tsgd
orangeryu,orangeryu
jing0607,jing0607
tony121010,tony121010
hsnu7980,hsnu7980
ckain,ckain
paladin90974,paladin90974
miya168,miya168
spector66,spector66
kids1991,kids1991
sding,sding
MG88,MG88
LukeSkywaker,LukeSkywaker
ericguu,ericguu
rrrrewqqwe,rrrrewqqwe
globeMIX,globeMIX
MoWilliams,MoWilliams
yyan1218,yyan1218
eunice456,eunice456
ZMittermeyer,ZMittermeyer
Eric60203,Eric60203
jun1229,jun1229
tpkgo,tpkgo
a79111010,a79111010
LensofTruth,LensofTruth
jasonlebra,jasonlebra
dddcr8024,dddcr8024
five615,five615
YumingHuang,YumingHuang
zerowingtw,zerowingtw
marknm,marknm
Wand,Wand
scarbywind,scarbywind
seamen,seamen
miixin,miixin
chunyun,chunyun
eeeee118,eeeee118
dodo577,dodo577
RodrigueZ810,RodrigueZ810
kyouya,kyouya
sept9048,sept9048
bruce2248,bruce2248
NXT0614,NXT0614
SeTeVen,SeTeVen
gl6mp6,gl6mp6
dark10108,dark10108
yamitis,yamitis
Atlantean,Atlantean
impixels,impixels
beariscut,beariscut
ipojay,ipojay
MADAOTW,MADAOTW
krodang,krodang
belion,belion
now99,now99
guolong,guolong
chuntien,chuntien
leocheng,leocheng
zmiouiou,zmiouiou
km612tw,km612tw
bbbing,bbbing
rexn,rexn
ro77289,ro77289
cutbear123,cutbear123
Mtcat,Mtcat
lionadon,lionadon
samuraiboy,samuraiboy
AKIRAYOUNG,AKIRAYOUNG
acln0816,acln0816
tahikuro,tahikuro
m82,m82
catlazy42120,catlazy42120
endoutx,endoutx
oldmangoes,oldmangoes
AlenCKH,AlenCKH
woaifafewen,woaifafewen
fonzae,fonzae
Smoltzy,Smoltzy
ksk0516,ksk0516
gn01622545,gn01622545
laman45,laman45
neil136,neil136
Jyeva,Jyeva
Zack5813,Zack5813
RD5566,RD5566
duoCindy,duoCindy
Vince1,Vince1
th11yh23,th11yh23
kaimu457,kaimu457
patrol,patrol
lucy7331,lucy7331
fuda,fuda
BraveCattle,BraveCattle
liao18,liao18
orzooozro,orzooozro
tsairay,tsairay
souldragon,souldragon
mxr,mxr
reko3703,reko3703
Kazimir,Kazimir
Linama,Linama
gracefulbook,gracefulbook
a512262,a512262
clarkyoona,clarkyoona
g9911731,g9911731
wukomatsu,wukomatsu
deago,deago
mitic1029,mitic1029
Habiptt,Habiptt
alanshore608,alanshore608
et00211,et00211
yoji520,yoji520
aglet,aglet
andyann,andyann
zirca,zirca
killerbbt,killerbbt
luckystrikes,luckystrikes
ddijk,ddijk
n6335097,n6335097
twflash,twflash
azytjr,azytjr
Xceberus,Xceberus
snap007,snap007
yukina23,yukina23
vm06wl,vm06wl
downtoearth,downtoearth
seal998,seal998
coox,coox
yanhsin,yanhsin
abobstar,abobstar
kimkim,kimkim
ianbh,ianbh
CH22,CH22
shonbig,shonbig
fromia,fromia
wayhowhown,wayhowhown
smisfun,smisfun
jimzx0147,jimzx0147
james80351,james80351
jay70134,jay70134
preisner,preisner
chenchuhao,chenchuhao
eddy12357,eddy12357
kuromai,kuromai
beanjaze,beanjaze
ReiFan,ReiFan
singking,singking
kaku5217,kaku5217
lickllll,lickllll
shiraby,shiraby
covenant,covenant
mike0327,mike0327
annahuangtw,annahuangtw
kevin0733,kevin0733
chalin27,chalin27
momo3921d,momo3921d
e0936276915,e0936276915
Senga41,Senga41
Chuckj,Chuckj
saisai34,saisai34
lhsieh,lhsieh
nightyao,nightyao
F12,F12
winnerdinner,winnerdinner
Allenguy,Allenguy
homway,homway
lordrobert,lordrobert
DarkerWu,DarkerWu
dijkstra,dijkstra
turtleaoc,turtleaoc
joyous1213,joyous1213
xheath,xheath
herrowui,herrowui
innuendo3324,innuendo3324
moneydream,moneydream
nelsonxx,nelsonxx
lowc,lowc
gerund,gerund
linahou,linahou
walter741225,walter741225
ashrum,ashrum
swartgame,swartgame
washltz,washltz
super1314159,super1314159
banana246,banana246
skyexers,skyexers
usokami,usokami
issatomi,issatomi
cga423,cga423
piba228,piba228
Nevhir,Nevhir
boycome,boycome
gyqmo,gyqmo
lovefisk,lovefisk
iori35i,iori35i
rogerlarger,rogerlarger
Afro5566,Afro5566
e44444,e44444
sumo,sumo
ANCEE,ANCEE
fxxkmt,fxxkmt
e9ez1,e9ez1
yehudi,yehudi
jardon,jardon
helloffx,helloffx
fhsh115,fhsh115
Swashbuckler,Swashbuckler
ERiC0308QQ,ERiC0308QQ
ST3,ST3
jong,jong
kbpoop,kbpoop
chinhan1216,chinhan1216
steven30528,steven30528
apemanlu,apemanlu
serval623,serval623
fragile8G,fragile8G
PTTkingdom,PTTkingdom
jmt1259,jmt1259
tmlisgood,tmlisgood
kuli4586,kuli4586
virginia779,virginia779
Stigmata,Stigmata
tgyhum,tgyhum
hiphoprabbit,hiphoprabbit
LouisTung,LouisTung
Landius,Landius
ssd123698745,ssd123698745
butt1106,butt1106
bikabikachu,bikabikachu
Sabo5566,Sabo5566
Gilardino,Gilardino
kuijun228,kuijun228
evilgenius,evilgenius
runacat,runacat
kenco,kenco
BBBighead,BBBighead
AsakuraYume,AsakuraYume
ludoren,ludoren
a1chemy,a1chemy
Mazda6,Mazda6
Justapig,Justapig
dfgtt0329,dfgtt0329
WARgame723,WARgame723
puremanly,puremanly
sanguinesand,sanguinesand
pent,pent
worshipA,worshipA
penny1and1,penny1and1
sky1030,sky1030
roberttony,roberttony
AirO0264400,AirO0264400
su4vu6,su4vu6
luckymore,luckymore
pttxo,pttxo
q5h67z,q5h67z
bulden,bulden
ytkuang,ytkuang
mizys,mizys
sdhpipt,sdhpipt
shi0520,shi0520
elzohar,elzohar
ecat,ecat
leafall,leafall
a0000000001f,a0000000001f
jesiuty,jesiuty
didder,didder
ioff,ioff
taiwan1789,taiwan1789
jasontime,jasontime
zsert13322,zsert13322
ppc,ppc
MrGfk,MrGfk
daniel955377,daniel955377
elefox,elefox
hanslins,hanslins
ben840619,ben840619
a176893,a176893
deangod99,deangod99
CJY1025,CJY1025
TomHolland,TomHolland
Wall62,Wall62
g1assesb0y,g1assesb0y
a2603,a2603
book8685,book8685
oliver81405,oliver81405
kuoeight,kuoeight
cl520756,cl520756
cursedsoul,cursedsoul
HAHAHUNG,HAHAHUNG
chanceiam,chanceiam
enderboy7652,enderboy7652
hsnumax,hsnumax
patric1414,patric1414
Galm,Galm
SSkey,SSkey
GodsRevival,GodsRevival
usaku,usaku
dealend,dealend
fightyin,fightyin
arue,arue
s213092921,s213092921
Like5566Like,Like5566Like
chemtcwu,chemtcwu
Wilsly,Wilsly
sanwan,sanwan
deann,deann
kid33,kid33
Moratti,Moratti
CTC0115,CTC0115
mk5520,mk5520
legendmtg,legendmtg
lmc66,lmc66
hank7218,hank7218
DreamYeh,DreamYeh
lmf770410,lmf770410
tomo1026,tomo1026
xup6lin,xup6lin
demitri,demitri
qsef5,qsef5
finaloltry,finaloltry
dannyzzz,dannyzzz
f1731025,f1731025
wulaw5566,wulaw5566
sauchi39,sauchi39
jazz19860929,jazz19860929
gh34163,gh34163
g9122xj,g9122xj
coollonger,coollonger
kobe9527,kobe9527
l5i9hbba,l5i9hbba
d8731400,d8731400
choi026,choi026
ilove640,ilove640
Chawol,Chawol
amethystsky,amethystsky
zippy,zippy
nicetree,nicetree
justadog,justadog
baconcsie,baconcsie
qwas5789,qwas5789
shadow0326,shadow0326
tinmar,tinmar
klkmit6117,klkmit6117
patiger,patiger
cfetan,cfetan
urzakim,urzakim
adiemusxyz,adiemusxyz
Spinner3,Spinner3
ashirogimuto,ashirogimuto
coaka,coaka
KINGWAP,KINGWAP
bbalabababa,bbalabababa
innominate,innominate
LeonardoPika,LeonardoPika
darlene917,darlene917
imtaku,imtaku
ramun,ramun
gxalinr1211,gxalinr1211
hellohsieh,hellohsieh
ericisfish,ericisfish
lockbolt,lockbolt
monogofor,monogofor
cattielin,cattielin
kim,kim
s820912gmail,s820912gmail
AVALONLOVER,AVALONLOVER
csshs,csshs
ppoll2,ppoll2
mullin,mullin
UnsraW,UnsraW
LCW2001,LCW2001
yfguk6685,yfguk6685
RadioMan,RadioMan
Sanish,Sanish
CCNK,CCNK
lili300,lili300
apollon0990,apollon0990
obovqq,obovqq
HibikiKuo,HibikiKuo
LoveWu,LoveWu
oscarwu3041,oscarwu3041
LORDSKERR,LORDSKERR
trustinme,trustinme
tom21128,tom21128
ceca,ceca
jakcycoco,jakcycoco
inoce,inoce
info1994,info1994
tiuseensii,tiuseensii
wwHui,wwHui
stark,stark
micotosai,micotosai
monkey6,monkey6
hayato01,hayato01
fidelity77,fidelity77
bluenan,bluenan
Newschool,Newschool
nawabonga,nawabonga
tavern,tavern
hoanbeh,hoanbeh
Oisiossos,Oisiossos
gogolct,gogolct
godchoice,godchoice
kawo,kawo
Uncontinue,Uncontinue
kira123,kira123
peter89000,peter89000
rada118,rada118
angraer,angraer
huyee,huyee
y1896547,y1896547
sbilor,sbilor
ianchunlin,ianchunlin
garo546,garo546
OusakaMegumu,OusakaMegumu
tsubasawolfy,tsubasawolfy
areysky,areysky
FlyBird,FlyBird
ichiro1983,ichiro1983
muffinpat,muffinpat
ray2501,ray2501
P00832129,P00832129
jis37,jis37
takabashi,takabashi
vyjssm,vyjssm
AWhopaWhoA,AWhopaWhoA
caelum,caelum
mepass,mepass
Wush978,Wush978
JoJoSonic,JoJoSonic
McCain,McCain
mainsa,mainsa
Nyarlathotep,Nyarlathotep
edwin11017,edwin11017
Talfking,Talfking
solomn,solomn
arvin605,arvin605
rafe,rafe
pchome321,pchome321
ery001,ery001
fsih,fsih
LoveIvy,LoveIvy
Arodz,Arodz
cynric717,cynric717
catvsdog,catvsdog
nthomas,nthomas
lppllp123432,lppllp123432
kaede0711,kaede0711
kaneka,kaneka
questionboy,questionboy
chiyoko,chiyoko
gg889g8,gg889g8
o0kk0ogreen,o0kk0ogreen
aaa1124078,aaa1124078
zzs123344,zzs123344
Ambition0114,Ambition0114
pico80286,pico80286
nightmare08,nightmare08
chewie,chewie
bnb89225,bnb89225
maxmunxi,maxmunxi
smartwife,smartwife
ll6a,ll6a
awei2934,awei2934
mvb,mvb
kevinjang,kevinjang
larusa,larusa
gowaa,gowaa
assassin5561,assassin5561
nqj,nqj
dsauqt,dsauqt
Cohlint,Cohlint
tim1112,tim1112
GoOdGaMe,GoOdGaMe
cusco3334,cusco3334
sean12345678,sean12345678
server,server
clausewitz,clausewitz
Yamapi5566,Yamapi5566
CREA,CREA
fat980,fat980
william2001,william2001
chihchingho,chihchingho
jasmine1987,jasmine1987
remprogress,remprogress
chiguang,chiguang
dongone,dongone
sanders,sanders
bightv19018,bightv19018
chumichumi,chumichumi
zonezone,zonezone
CHY5566,CHY5566
miracle1215,miracle1215
HADYKID,HADYKID
KimWexler,KimWexler
jack8759,jack8759
gg7965977,gg7965977
ghostdx,ghostdx
kianwei,kianwei
IE9434xx,IE9434xx
sa080691,sa080691
rook,rook
laukun,laukun
youchen68,youchen68
marsonele,marsonele
gn1384181,gn1384181
aegis43210,aegis43210
yule1224,yule1224
b08297,b08297
chemistrysgh,chemistrysgh
choosin,choosin
moneywinner2,moneywinner2
cc001225,cc001225
eric40516200,eric40516200
orange7,orange7
c881850,c881850
ethel617,ethel617
yeay,yeay
acserro,acserro
loveapple33,loveapple33
MrSuperLP,MrSuperLP
aippa,aippa
bighorse0,bighorse0
pita30,pita30
osarain,osarain
Rrrxddd,Rrrxddd
Teng0615,Teng0615
solsol,solsol
fab5,fab5
ngt047,ngt047
abc06292002,abc06292002
ginobili62,ginobili62
sd929598,sd929598
noabstersion,noabstersion
panda816,panda816
bebehome,bebehome
EvoLancer,EvoLancer
insar2k2,insar2k2
percy921,percy921
Fewer,Fewer
glissando,glissando
ihx00,ihx00
werttrew,werttrew
ianferrari,ianferrari
tello,tello
abucat,abucat
Y1309,Y1309
junibookye,junibookye
sorrycar,sorrycar
linwuno,linwuno
TBOC,TBOC
gn02026394,gn02026394
hsu0612,hsu0612
outdowave,outdowave
emmada,emmada
Windcws9Z,Windcws9Z
knightshow,knightshow
osk2,osk2
yeakb,yeakb
SnakeO,SnakeO
haha121,haha121
chen31502,chen31502
tmnozjwklwn,tmnozjwklwn
waxtin0605,waxtin0605
asked,asked
dingwk,dingwk
bvlgari1114,bvlgari1114
paul5566,paul5566
Samurai,Samurai
q12341234,q12341234
sgsboyxl,sgsboyxl
hshung,hshung
u123454321,u123454321
smile6615,smile6615
saten,saten
Mazda6680,Mazda6680
andi0524,andi0524
apple123773,apple123773
moose01,moose01
clifflee,clifflee
Vassili242,Vassili242
kiteflying,kiteflying
MBAR,MBAR
hipolymer,hipolymer
whiteheart,whiteheart
LUB5566,LUB5566
scsajk01,scsajk01
markoo,markoo
hadce,hadce
AoWsL,AoWsL
KingKingCold,KingKingCold
HsiangMing,HsiangMing
airplanes,airplanes
jordanlove,jordanlove
auxiliary11,auxiliary11
a86851247,a86851247
black205,black205
EggAcme,EggAcme
sleepsnow,sleepsnow
bluegold,bluegold
benson20084,benson20084
sunnyhung,sunnyhung
bankingpaul,bankingpaul
psypoorer,psypoorer
PHXD,PHXD
DOMOKID,DOMOKID
Benegas,Benegas
baptism,baptism
casman,casman
vsbrm,vsbrm
syoboon1994,syoboon1994
simonneko,simonneko
newstyle,newstyle
HyperPoro,HyperPoro
cschuan,cschuan
hsnu2000,hsnu2000
petero0oo00,petero0oo00
C6H8O7,C6H8O7
clubee,clubee
Sayd20,Sayd20
blargelp,blargelp
VANNN,VANNN
fytnship,fytnship
lunRUSSELL,lunRUSSELL
ake83611,ake83611
simo520,simo520
amadda,amadda
yoshilin,yoshilin
waiyee,waiyee
daster,daster
lpbrother,lpbrother
finalzerd,finalzerd
pieceiori,pieceiori
ruiun,ruiun
terry66,terry66
edcs,edcs
truegod000,truegod000
jerrythebest,jerrythebest
yu8140,yu8140
auron4041,auron4041
freakwei,freakwei
tuwgale,tuwgale
tony890415,tony890415
stantheman,stantheman
mhlee,mhlee
boboking2,boboking2
Minneapolis,Minneapolis
ojizz4u,ojizz4u
tony22725385,tony22725385
pcmcia,pcmcia
ballgame162,ballgame162
castle1011,castle1011
jerick,jerick
u5710587,u5710587
JimmyQiu1738,JimmyQiu1738
j74127412,j74127412
wallace0806,wallace0806
DouglasT,DouglasT
getx105,getx105
ila9970,ila9970
kneo8899,kneo8899
yank0612,yank0612
sazabisazabi,sazabisazabi
jaguarkimo,jaguarkimo
nctabo,nctabo
goodday06,goodday06
fatdoghusky,fatdoghusky
foxher,foxher
XX9,XX9
TWTP2018,TWTP2018
wolfgang1113,wolfgang1113
spawn453,spawn453
yien,yien
macoto4444,macoto4444
shoai34,shoai34
alcpeon911,alcpeon911
Kaids,Kaids
garyyang36,garyyang36
maple0425,maple0425
bearcsjc,bearcsjc
madeofhonor,madeofhonor
crocker,crocker
twken10,twken10
scottham,scottham
a5413eric,a5413eric
asheng,asheng
upeo,upeo
stocktonty,stocktonty
gin10791,gin10791
maywrann,maywrann
DGGXAM1,DGGXAM1
sywer,sywer
molsmopuim,molsmopuim
jayweek,jayweek
DCHC,DCHC
nicklo,nicklo
fablife,fablife
stardoor,stardoor
rocklin8,rocklin8
jt13,jt13
zeem,zeem
taiwanbeer88,taiwanbeer88
haw561676,haw561676
VieriKing,VieriKing
TaiwanUp,TaiwanUp
iuowsiq,iuowsiq
callmedance,callmedance
asdlkjfgh,asdlkjfgh
jackhg,jackhg
SkyBearV,SkyBearV
slipfen15,slipfen15
mattaus,mattaus
chathamcat,chathamcat
ms0443001,ms0443001
moswu,moswu
huangjyuan,huangjyuan
mmppeegg,mmppeegg
wangsan,wangsan
ndmctsgh,ndmctsgh
HideoNomo,HideoNomo
kevinmeng2,kevinmeng2
AAsoon,AAsoon
rosehui,rosehui
albertfeng,albertfeng
Ahao,Ahao
yuujang,yuujang
pokemonoxo,pokemonoxo
dayjay,dayjay
shirleyEchi,shirleyEchi
wl355062,wl355062
a0808996,a0808996
batt0909,batt0909
Sartanis,Sartanis
songgood,songgood
hoho8,hoho8
a7788783,a7788783
d74123,d74123
s790412,s790412
lomeoh,lomeoh
rockinroll,rockinroll
umum29,umum29
ansontyc,ansontyc
kusanagi02,kusanagi02
anr2,anr2
alex10282,alex10282
ruby00514,ruby00514
seabox,seabox
skywalker019,skywalker019
b0204888100,b0204888100
HGT7473,HGT7473
limoubijou,limoubijou
LBruce,LBruce
kint567,kint567
mackyou,mackyou
akainorei,akainorei
minirr,minirr
sumins,sumins
lagidog,lagidog
nerdmode,nerdmode
hiball,hiball
somehog,somehog
leftgentle,leftgentle
porridge,porridge
CHADA,CHADA
hackfox,hackfox
eric112,eric112
ARTORIA,ARTORIA
billy5983298,billy5983298
reynaud,reynaud
tobeblack,tobeblack
goldduck,goldduck
z510,z510
wiliyss,wiliyss
c00jsw00,c00jsw00
soilndger,soilndger
U212212,U212212
sunchen0201,sunchen0201
kan8634,kan8634
lusifa2007,lusifa2007
liam1984,liam1984
bibi6668,bibi6668
wentasu,wentasu
allencyh,allencyh
p1227426,p1227426
raygod,raygod
hikari22,hikari22
petesam,petesam
gi1234g,gi1234g
a5338311,a5338311
ColiColi,ColiColi
kant1123,kant1123
hydra7,hydra7
jess730612,jess730612
vancepeng,vancepeng
coolchin,coolchin
seigtmh,seigtmh
shy11009,shy11009
CharleneTsai,CharleneTsai
Myfun,Myfun
terry1020,terry1020
sean3345,sean3345
awsq00000,awsq00000
chaitomaster,chaitomaster
banbee100,banbee100
tn00371115,tn00371115
gg0079,gg0079
lovejamwu,lovejamwu
whiteflora6,whiteflora6
sodes,sodes
aprilsheep,aprilsheep
wolfkao,wolfkao
ggirls,ggirls
octopus4406,octopus4406
saab93tw,saab93tw
saygogo,saygogo
antiyahoo,antiyahoo
yutinbabe,yutinbabe
mountain821,mountain821
bluecup,bluecup
iceman10427,iceman10427
heha751019,heha751019
PTTOnline,PTTOnline
yudeifish,yudeifish
tim2468x,tim2468x
ChinkFilmsZZ,ChinkFilmsZZ
rustic5566,rustic5566
darktasi,darktasi
casacheng,casacheng
poponana,poponana
loel1223,loel1223
sindy520,sindy520
jason751231,jason751231
joy2105feh,joy2105feh
prestonia,prestonia
ilanese,ilanese
jason486,jason486
MattiaPasini,MattiaPasini
gogen,gogen
beau03,beau03
stvn2567,stvn2567
bighouse,bighouse
ismydear,ismydear
konas,konas
CTTSAI,CTTSAI
Scion,Scion
a58461351,a58461351
sysong,sysong
magicbook123,magicbook123
ben108472,ben108472
eWriter,eWriter
tim855042,tim855042
swingman,swingman
OnceAFreak,OnceAFreak
danwhei,danwhei
jim1122,jim1122
ericpan6868,ericpan6868
wumins,wumins
s6210603,s6210603
aimlin,aimlin
rbki3,rbki3
a22880897,a22880897
t77133562003,t77133562003
hong888,hong888
a5531775,a5531775
Fongin,Fongin
twelvethflor,twelvethflor
frankie30432,frankie30432
ozakiinptt,ozakiinptt
zxcv820421,zxcv820421
okhy,okhy
deathslipkno,deathslipkno
amaranth5566,amaranth5566
curlyreed55,curlyreed55
SexHD,SexHD
shaun0203,shaun0203
clark0816,clark0816
v128w,v128w
ilanalan,ilanalan
axe0919,axe0919
wayne0170,wayne0170
andy0624,andy0624
SuperBMW,SuperBMW
YLTYY,YLTYY
inmatao,inmatao
srwgreat,srwgreat
wewants,wewants
ivorysoap,ivorysoap
mwddgg,mwddgg
chow365,chow365
thouloveme,thouloveme
yoyofish02,yoyofish02
Faust0073152,Faust0073152
meaa3,meaa3
rx178mk2,rx178mk2
poemlover,poemlover
lung9107,lung9107
cycling,cycling
hmt17,hmt17
buchholiz,buchholiz
tyf99,tyf99
poiu0987yaaa,poiu0987yaaa
ludan7972,ludan7972
ukalm,ukalm
KingChang711,KingChang711
makapaka,makapaka
stevenyu82,stevenyu82
seanidiot,seanidiot
DNSKHY,DNSKHY
chitosalen,chitosalen
gogoegg,gogoegg
ryanchen1234,ryanchen1234
twgamerave,twgamerave
Popaieric,Popaieric
StarRiver,StarRiver
SiaoHan,SiaoHan
thejyp,thejyp
YuChEnChAnG,YuChEnChAnG
cheabar,cheabar
kens,kens
dreamelves,dreamelves
Lakeotter,Lakeotter
rony98,rony98
Su22,Su22
Aatrox,Aatrox
kevin70,kevin70
Skod,Skod
jciw,jciw
ericliung,ericliung
intotheman,intotheman
Gavatzky,Gavatzky
hjklhandsome,hjklhandsome
Wimadison,Wimadison
b3030826,b3030826
sim2347,sim2347
ben1013,ben1013
chenggong,chenggong
zxsx811,zxsx811
pprisa,pprisa
f22313467,f22313467
show282,show282
DANANPA,DANANPA
manboisold,manboisold
catsai,catsai
QVQ9487,QVQ9487
elle,elle
kuoiop,kuoiop
rogher3399,rogher3399
jimm900,jimm900
laybear,laybear
sikerkuaitai,sikerkuaitai
ggly,ggly
cons,cons
victorly,victorly
hippo998,hippo998
creay222,creay222
syuan870723,syuan870723
animad,animad
mikiup0321,mikiup0321
jimmyso,jimmyso
KEYSOLIDER,KEYSOLIDER
bestrace,bestrace
limera1n,limera1n
dragonjj,dragonjj
FlashMan,FlashMan
CrackedVoice,CrackedVoice
ryoma1,ryoma1
woods0598,woods0598
cvb123456789,cvb123456789
zjoanie,zjoanie
pate41,pate41
ohsong,ohsong
Westzone,Westzone
MookieBetts,MookieBetts
kazamitaketo,kazamitaketo
WeGoStyle,WeGoStyle
missingkid,missingkid
purue,purue
GYda,GYda
cress0128,cress0128
serenitymice,serenitymice
clydebbman,clydebbman
fivetobacco,fivetobacco
foucas,foucas
pokyhoyo,pokyhoyo
anly888,anly888
linablue,linablue
amishitter,amishitter
viodin,viodin
DaringDo,DaringDo
joanying,joanying
qq68,qq68
johnhahaha,johnhahaha
bbq123,bbq123
bom30433,bom30433
Yiing,Yiing
pisciss,pisciss
adampolo,adampolo
kashnes,kashnes
a2379928,a2379928
SantaNM,SantaNM
jokerleo815,jokerleo815
Cordierite,Cordierite
LeftCorner,LeftCorner
scratch01,scratch01
seazure2016,seazure2016
wikider,wikider
ejnfu,ejnfu
notneme159,notneme159
darkyoyo,darkyoyo
wwl0909,wwl0909
Seifer601,Seifer601
stu25936,stu25936
moike22,moike22
als8855,als8855
dnek,dnek
lolucky531,lolucky531
icloud0606,icloud0606
n210110,n210110
libur,libur
jacky40383,jacky40383
macaron5566,macaron5566
Beramode,Beramode
suikokuo,suikokuo
nolla1730,nolla1730
wei09955104,wei09955104
jeffguoft,jeffguoft
ctx705f,ctx705f
mury1414,mury1414
CavendishJr,CavendishJr
loadingN,loadingN
iWatch2,iWatch2
mengling,mengling
qx5,qx5
ak904,ak904
CTHsieh,CTHsieh
alice1967,alice1967
SamMark,SamMark
edfg1232005,edfg1232005
Daedolon,Daedolon
bluemiya,bluemiya
aletheia,aletheia
databbs,databbs
FrankChaung,FrankChaung
saijuk,saijuk
Freecoins,Freecoins
linlin110,linlin110
chrisjohn214,chrisjohn214
photoshadow,photoshadow
dog990999,dog990999
ikr3699654,ikr3699654
kerodo,kerodo
chenty3600,chenty3600
elainakuo,elainakuo
Tatami4931,Tatami4931
leocean9816,leocean9816
s3122762120,s3122762120
leoamyp4,leoamyp4
yusanhu,yusanhu
hypoge,hypoge
harryron9,harryron9
fireslayer,fireslayer
z2v2r2mk2,z2v2r2mk2
childnet,childnet
purplvampire,purplvampire
final951753,final951753
uuuu120,uuuu120
sangoking,sangoking
SPADETWO,SPADETWO
jerrychlin,jerrychlin
s91264s91247,s91264s91247
kmliao,kmliao
voluteer,voluteer
teras,teras
lumwhola,lumwhola
moonchaser,moonchaser
shashayou,shashayou
qep,qep
sse,sse
nanami56,nanami56
kerokun,kerokun
peterwww,peterwww
s1032kj,s1032kj
Yolosnow,Yolosnow
lock0308,lock0308
jusifs,jusifs
Narcissuss,Narcissuss
rover10,rover10
wowshung,wowshung
hume,hume
mmckiedd,mmckiedd
odgbb,odgbb
ellychen,ellychen
magiteemo,magiteemo
jevix,jevix
sam90205,sam90205
hoberg,hoberg
LWEN,LWEN
jl40,jl40
WeAntiTVBS,WeAntiTVBS
KYL1102,KYL1102
nello,nello
Iponponman,Iponponman
liveinhome,liveinhome
s1720109,s1720109
kintesobad,kintesobad
whitecross,whitecross
pc1234,pc1234
xyz0,xyz0
yun0112,yun0112
kamihio,kamihio
weister,weister
shihho,shihho
cashko,cashko
americ,americ
RP9ST,RP9ST
d86506,d86506
alvin0925,alvin0925
smallplug,smallplug
alinalovers,alinalovers
roalan,roalan
edge781014,edge781014
cli6012,cli6012
querencia,querencia
MEGAMewtwoX,MEGAMewtwoX
CafeRhyme,CafeRhyme
x0003,x0003
zsp40773,zsp40773
mathbug,mathbug
s505015,s505015
DarenR,DarenR
zxc2587965,zxc2587965
sovia,sovia
mrtatami,mrtatami
z2wen,z2wen
nash610,nash610
lilinnnnnn,lilinnnnnn
amovie,amovie
chewthelife8,chewthelife8
WTF1111,WTF1111
reinhert,reinhert
jerrychi1,jerrychi1
KENGOD0204,KENGOD0204
maxmaster,maxmaster
Capital235,Capital235
ajia0818,ajia0818
Harrison1814,Harrison1814
bread220,bread220
mark7931,mark7931
fatout,fatout
Beanoodle,Beanoodle
Serovia,Serovia
jj980734,jj980734
OoJudyoO,OoJudyoO
sopi,sopi
insaneness,insaneness
tomchow76,tomchow76
teeo,teeo
nsdpb,nsdpb
sunyeah,sunyeah
linsection,linsection
ohya111326,ohya111326
saimeitetsu,saimeitetsu
sevenly,sevenly
sponge88,sponge88
briareus,briareus
Fraud,Fraud
HermesKing,HermesKing
TtTt4,TtTt4
Dayton,Dayton
GAOTT,GAOTT
ccdg,ccdg
PaulPierce34,PaulPierce34
IE5,IE5
waynehow,waynehow
Spitfire168,Spitfire168
surahinagiku,surahinagiku
blitz1991,blitz1991
hlcian,hlcian
shark959,shark959
squard,squard
andy199113,andy199113
aftercome86,aftercome86
win8719,win8719
iphone15,iphone15
wbsinger,wbsinger
leoleovip,leoleovip
ayabf,ayabf
ABA0525,ABA0525
wayne723,wayne723
nuc1earsub,nuc1earsub
qa17b,qa17b
chiuin,chiuin
tamama000,tamama000
kterry01,kterry01
seth582025,seth582025
absde,absde
speeddd,speeddd
bonfferoni,bonfferoni
revera1992,revera1992
SiFox,SiFox
lynchen,lynchen
e04bank,e04bank
audy,audy
ebey30918,ebey30918
joe10337,joe10337
jcto04,jcto04
exceedMyself,exceedMyself
leopika,leopika
su06su06,su06su06
cmcmisgod,cmcmisgod
smallweek,smallweek
joanzkow,joanzkow
ug771,ug771
ihfreud,ihfreud
supersonic90,supersonic90
jonejone,jonejone
mozi,mozi
CLV518,CLV518
ChinaGy,ChinaGy
pppan,pppan
membrance,membrance
wailman,wailman
tumusi,tumusi
talrasha,talrasha
jungkailin,jungkailin
aladean,aladean
chr5657,chr5657
beerduck,beerduck
karevin07,karevin07
isumienri,isumienri
Benetnasch,Benetnasch
a27647535,a27647535
migoyo,migoyo
ImBBCALL,ImBBCALL
erickms,erickms
a1122334424,a1122334424
shengyeh,shengyeh
cake10414,cake10414
kusoyoda,kusoyoda
DOFU,DOFU
uini,uini
jeanvanjohn,jeanvanjohn
Delisaac,Delisaac
Ginpunch,Ginpunch
lur29,lur29
sandy0327,sandy0327
sholi,sholi
Mulsanne,Mulsanne
ffreakk,ffreakk
hb0922,hb0922
winterstar,winterstar
wiiplay,wiiplay
kusomanfcu,kusomanfcu
prwsme,prwsme
findwind0826,findwind0826
dearjohn,dearjohn
rayisgreat,rayisgreat
xianfen,xianfen
zkow5566,zkow5566
zxc70227,zxc70227
DLHZ,DLHZ
urgrandpa,urgrandpa
charliefan,charliefan
dacvoidneci,dacvoidneci
askemm,askemm
saiulbb,saiulbb
vodkalime607,vodkalime607
SiaSi,SiaSi
Heedictator,Heedictator
CLANNAD,CLANNAD
md3q6e,md3q6e
matheyb,matheyb
yangyunjie,yangyunjie
andrew43,andrew43
raymonde,raymonde
ericyou0122,ericyou0122
cuteVictor,cuteVictor
andy3580,andy3580
jeff16519,jeff16519
uku,uku
ioupoiu,ioupoiu
Shauter,Shauter
maesww,maesww
jamesbaby,jamesbaby
Justinniger,Justinniger
selenahu,selenahu
zsquarez,zsquarez
luckysmallsu,luckysmallsu
albertttt,albertttt
dotZu,dotZu
ntlutw,ntlutw
spzper,spzper
rainbowzone,rainbowzone
cailoveyou,cailoveyou
funfun789016,funfun789016
danielww,danielww
gn01614741,gn01614741
inconspicous,inconspicous
rahim03,rahim03
tony900735,tony900735
Dex5566,Dex5566
Blue6,Blue6
gobuddy,gobuddy
qilar,qilar
Uizmp,Uizmp
amare1015,amare1015
tpck,tpck
TedZec,TedZec
tim790809,tim790809
pass999,pass999
danieloo,danieloo
andy89202033,andy89202033
jeff795024,jeff795024
chingming0,chingming0
zo6al,zo6al
ilw4e,ilw4e
yenyu73,yenyu73
wblue,wblue
more6,more6
mukuro,mukuro
hiinnlive,hiinnlive
otis1713,otis1713
mayshun,mayshun
soniafish20,soniafish20
bndan,bndan
chien8,chien8
forsakesheep,forsakesheep
ke0119,ke0119
DFTT,DFTT
P1986625,P1986625
djboy,djboy
testwindraja,testwindraja
bonaqabo,bonaqabo
alfonso12,alfonso12
Daicheng,Daicheng
uieasier,uieasier
kymco9999,kymco9999
chirex,chirex
hcc310,hcc310
albert0608,albert0608
GUMIGUMI,GUMIGUMI
yilin11,yilin11
brabra,brabra
chanlucky,chanlucky
kismoe,kismoe
qkeeptalk123,qkeeptalk123
yamahara6026,yamahara6026
kuyar,kuyar
finalmoon,finalmoon
mamamia666,mamamia666
coober,coober
kevin05233,kevin05233
lozupomelo,lozupomelo
hulalu,hulalu
angele,angele
deathdecay,deathdecay
Cendrillon,Cendrillon
lsjh,lsjh
agoodjob,agoodjob
BHB619,BHB619
arcworld,arcworld
JustSad,JustSad
phHAR,phHAR
Je1981,Je1981
phoinixa,phoinixa
ab32110,ab32110
annabelle061,annabelle061
akon2,akon2
huangw2252,huangw2252
financial911,financial911
rjaws,rjaws
fr346342,fr346342
lescholar,lescholar
xshinx,xshinx
Stunts,Stunts
LanceLiu,LanceLiu
jajujo,jajujo
electroplate,electroplate
william7497,william7497
smart8122,smart8122
reexamor,reexamor
Omara,Omara
tim0922,tim0922
kwantou,kwantou
loggate,loggate
kinghunter,kinghunter
a631097,a631097
lostman,lostman
problems198,problems198
uhbygv45,uhbygv45
RedEdge,RedEdge
ophster,ophster
ihaveseven,ihaveseven
LBJ4,LBJ4
BlueOcean001,BlueOcean001
cindy3589,cindy3589
kofreeko,kofreeko
AustinRivers,AustinRivers
rhsin,rhsin
re340,re340
r5566ex,r5566ex
samuncle123,samuncle123
alrin891202,alrin891202
bryant780417,bryant780417
yen0829,yen0829
poggssi,poggssi
Ct730d,Ct730d
cafca,cafca
logikeer,logikeer
shenyi9185,shenyi9185
bestguy,bestguy
J0NER,J0NER
huangshinwen,huangshinwen
mcamory,mcamory
Liangyi816,Liangyi816
delegate,delegate
timeriver235,timeriver235
greenart2016,greenart2016
googlo,googlo
allenn,allenn
mumeqq,mumeqq
cal629195,cal629195
thegreatlcx,thegreatlcx
asop0038,asop0038
ivyvi012012,ivyvi012012
andy86082075,andy86082075
s72005ming,s72005ming
clover0629,clover0629
lavendin82,lavendin82
Tw99,Tw99
chungkuowei,chungkuowei
cokepd,cokepd
aiguo,aiguo
nctugoodman,nctugoodman
soto2080,soto2080
Zeldaa,Zeldaa
zizilai,zizilai
ainokodoba,ainokodoba
catseyes,catseyes
windom,windom
ChenDotQ,ChenDotQ
kku6869,kku6869
freexyz2007,freexyz2007
yuychang,yuychang
benqlove,benqlove
minhua2012,minhua2012
ulamong,ulamong
wayne62,wayne62
skylove21,skylove21
lwid,lwid
shinkiro,shinkiro
pinkneku,pinkneku
kenny0111,kenny0111
qsxwdc,qsxwdc
RealGarden,RealGarden
rahim,rahim
ufap,ufap
ecejc,ecejc
yal,yal
SC5566,SC5566
Submicromete,Submicromete
countryair,countryair
ccgtdan,ccgtdan
justice0616,justice0616
alexrow,alexrow
pig2014,pig2014
jfw616,jfw616
jackietom,jackietom
allesvorbei,allesvorbei
Jay21,Jay21
vsoper,vsoper
louie811003,louie811003
hunej,hunej
asuka99,asuka99
wwwaa1217,wwwaa1217
kevinpc,kevinpc
SFHONGGOYANG,SFHONGGOYANG
alex8725,alex8725
jack111222,jack111222
nickasap,nickasap
david624,david624
GARRETH,GARRETH
ex1986512,ex1986512
goldenfire,goldenfire
a410006108,a410006108
qazthlin,qazthlin
richaelchen,richaelchen
Alonhuang,Alonhuang
j83112299,j83112299
beyuki,beyuki
fucking,fucking
ppkkll,ppkkll
she192224,she192224
marco4014,marco4014
yeh67,yeh67
Benvera,Benvera
gamaqqq,gamaqqq
elec1141,elec1141
sabrina1113,sabrina1113
nochat,nochat
takeda3234,takeda3234
nofish,nofish
Chantaljones,Chantaljones
lacseven,lacseven
uplove,uplove
Ray1018,Ray1018
ayclday,ayclday
bravee,bravee
rainstonein,rainstonein
louis11811,louis11811
hankiwi,hankiwi
good9717025,good9717025
greenbelt,greenbelt
xiyephoto,xiyephoto
DORAQMON,DORAQMON
fefeking,fefeking
wdv75342,wdv75342
blackdog1943,blackdog1943
dy2012,dy2012
qwa317,qwa317
loveroll,loveroll
kutkin,kutkin
andy8105,andy8105
allenatptt,allenatptt
modhairs,modhairs
cd928,cd928
Terryhorse,Terryhorse
kevin810475,kevin810475
love11234,love11234
joycepinky,joycepinky
mdforget,mdforget
a963,a963
smik,smik
solid1109,solid1109
zangetsu9006,zangetsu9006
weight0513,weight0513
egghan,egghan
bth060104,bth060104
Castle88654,Castle88654
shammara,shammara
ptt8592,ptt8592
nsk,nsk
gache0824,gache0824
kku6768,kku6768
randylee,randylee
yeats0114,yeats0114
ya4ice,ya4ice
deepinsoul,deepinsoul
rtwodtwo,rtwodtwo
a165423x,a165423x
iele,iele
cocaineweed,cocaineweed
chipher,chipher
kyox99,kyox99
bookscountry,bookscountry
nsps5303,nsps5303
j13jyl,j13jyl
s203abc,s203abc
FIREEX,FIREEX
angierlee,angierlee
jason850204,jason850204
Xamd,Xamd
osalucard,osalucard
ssuchi1222,ssuchi1222
AaronEckhar,AaronEckhar
star1234,star1234
EBVirus,EBVirus
THEKYLE,THEKYLE
Re12345,Re12345
ag029718,ag029718
Khatru,Khatru
mtyk10100,mtyk10100
ywchenz,ywchenz
noise5566,noise5566
ted8285566,ted8285566
aph860212,aph860212
momo810806,momo810806
william7713,william7713
e7660239,e7660239
godlai,godlai
brisyeh,brisyeh
tephan,tephan
howdie5566,howdie5566
ORK,ORK
skysail,skysail
yjjia,yjjia
yymeow,yymeow
dwighthsu,dwighthsu
paulabxz123,paulabxz123
rongmxx,rongmxx
MyDice,MyDice
guohuo,guohuo
flavorBZ,flavorBZ
buoyant0828,buoyant0828
akqoog,akqoog
j29980424,j29980424
vin312789,vin312789
qwe3457878,qwe3457878
newby321,newby321
GhostFather,GhostFather
yonight,yonight
louis222,louis222
deshuge1,deshuge1
sd09090,sd09090
andbu558,andbu558
gypao,gypao
lcming,lcming
andy055097,andy055097
starwish00,starwish00
Skightz,Skightz
huasheng,huasheng
Conpana,Conpana
lionsss,lionsss
lovealgebra,lovealgebra
sunsam,sunsam
ian10911,ian10911
sm999222,sm999222
rgdiao,rgdiao
Sexcalibur,Sexcalibur
joke3547,joke3547
Kyameron,Kyameron
crooked,crooked
rko1470,rko1470
elfish123,elfish123
dimw,dimw
tddt,tddt
azure,azure
yoyolife,yoyolife
bwnzer,bwnzer
scrumhalf,scrumhalf
c6663,c6663
menfish,menfish
ILoveKMT,ILoveKMT
ensuey,ensuey
dukechiang,dukechiang
linchadwick,linchadwick
Xiong271,Xiong271
Fyaoyao,Fyaoyao
weiber29,weiber29
jawbone,jawbone
CGUNGUN,CGUNGUN
natty7606,natty7606
fantasyscure,fantasyscure
sisn,sisn
asclepias,asclepias
amordelcor,amordelcor
sincocosin,sincocosin
goldenjade,goldenjade
ShibaTatsuya,ShibaTatsuya
Scinfaxi,Scinfaxi
ddejavu,ddejavu
shishah,shishah
thool,thool
stanley9876,stanley9876
swain2013,swain2013
cgy75766,cgy75766
Ofnir,Ofnir
TEAJA,TEAJA
ddg00000,ddg00000
duke5566,duke5566
hyoerious,hyoerious
CmonYall,CmonYall
irenes,irenes
marlonlai,marlonlai
sam455205,sam455205
oris5,oris5
bylan0820,bylan0820
wupaul,wupaul
cas198351,cas198351
WGfriend,WGfriend
gnsword,gnsword
WonhoL,WonhoL
PaulAllen2,PaulAllen2
vfrerdw,vfrerdw
birderent,birderent
pz5202,pz5202
skaterboy13,skaterboy13
magines,magines
camatnin1942,camatnin1942
PerryRod,PerryRod
neutron,neutron
icion,icion
tung1986,tung1986
bettyshinn,bettyshinn
kerorofrog,kerorofrog
jabari,jabari
dddd345tw,dddd345tw
LI40,LI40
seednet2,seednet2
