Id,Label
airphone,airphone
Groger,Groger
insomniatw,insomniatw
heat0204,heat0204
roy53,roy53
Afae,Afae
knightwww,knightwww
live1002,live1002
lakeisland,lakeisland
i92219,i92219
peterha5491,peterha5491
diefishfish,diefishfish
sbflight,sbflight
generally,generally
tomandnico,tomandnico
lenta,lenta
fdtu0928,fdtu0928
lasekoutkast,lasekoutkast
ice80712,ice80712
henry46277,henry46277
littmann,littmann
jason748,jason748
Dazzium,Dazzium
allen0080,allen0080
skyringcha,skyringcha
lim98989,lim98989
kadolong,kadolong
sandemo,sandemo
kichyo,kichyo
abbkg,abbkg
ish7183,ish7183
poisonshing,poisonshing
blue09,blue09
WrongHole,WrongHole
Keitaro,Keitaro
sc6003pc,sc6003pc
hygen,hygen
miler22020,miler22020
dlija7814,dlija7814
rumor3456,rumor3456
ask77887788,ask77887788
s555666,s555666
lymyuming,lymyuming
jjjjjjs,jjjjjjs
jonathan8032,jonathan8032
younggrass,younggrass
fedona,fedona
envwatch,envwatch
kymcoco,kymcoco
TW1762WK,TW1762WK
lifesoar,lifesoar
iamsocool,iamsocool
smallkaka,smallkaka
peterqoo,peterqoo
dream99,dream99
diyaworld,diyaworld
uno1944,uno1944
sulunpas,sulunpas
chioio,chioio
GameGyu,GameGyu
wang19980531,wang19980531
godog,godog
greatyang,greatyang
angel6502,angel6502
slimfat0202,slimfat0202
chenstar1234,chenstar1234
sazabik,sazabik
pupu20317,pupu20317
freakpoor,freakpoor
simata,simata
chungrew,chungrew
a0986188522,a0986188522
RLH,RLH
SourireMask,SourireMask
kiki2125,kiki2125
hankami,hankami
fox141,fox141
DICB,DICB
johnny9667,johnny9667
bibiwei,bibiwei
indium111,indium111
a4302f,a4302f
Tiphareth,Tiphareth
wendy1wang,wendy1wang
duduchiau,duduchiau
kepf,kepf
if2,if2
greenday0827,greenday0827
Arthurseed,Arthurseed
Sale49,Sale49
CenaWang,CenaWang
paytonfu,paytonfu
Reisuty,Reisuty
tenshouw,tenshouw
takuminauki,takuminauki
ferrisw,ferrisw
patentstm,patentstm
yakiko01,yakiko01
lesserpanda,lesserpanda
interrupt1,interrupt1
jerrylin,jerrylin
quisk,quisk
WU0502,WU0502
onlygoog,onlygoog
nicholas0406,nicholas0406
ctw01,ctw01
loveup,loveup
Roy,Roy
wendyayu,wendyayu
sd810305,sd810305
inthenchen,inthenchen
kero2377,kero2377
darkholy,darkholy
Billowing,Billowing
perec,perec
jack0216,jack0216
Ogrish,Ogrish
stratford,stratford
radiohead56,radiohead56
recount,recount
OverRed,OverRed
phoenixzero,phoenixzero
zebra7,zebra7
ARCHER2234,ARCHER2234
predo,predo
polarfox,polarfox
Sunofgod,Sunofgod
kyokozenki,kyokozenki
linceass,linceass
hashyang,hashyang
Qtrad,Qtrad
arrfu,arrfu
wmtsung,wmtsung
BlueBird5566,BlueBird5566
takenostand,takenostand
eterbless,eterbless
oneyear,oneyear
fenrisfang,fenrisfang
winu,winu
tn907915,tn907915
coolorphen,coolorphen
toshism,toshism
cores,cores
sinon0123,sinon0123
btm978952,btm978952
kyon623,kyon623
Bonjwa,Bonjwa
andy2300224,andy2300224
moonsmile,moonsmile
jackie0414,jackie0414
alberchi,alberchi
Liaocavalier,Liaocavalier
justin037666,justin037666
omanorboyo,omanorboyo
CannonLake,CannonLake
ck731122,ck731122
wirewool,wirewool
eternalecho,eternalecho
as885212,as885212
lostsky93,lostsky93
Beckhung,Beckhung
cloudccw,cloudccw
crazypeo45,crazypeo45
abc5555990,abc5555990
oBatman,oBatman
fraternity,fraternity
eunhailoveu,eunhailoveu
touchbird,touchbird
roger1976,roger1976
devidevi,devidevi
allenpatrick,allenpatrick
valentian,valentian
DrOGC,DrOGC
genheit,genheit
kaku413,kaku413
F1239810,F1239810
hbk20491,hbk20491
extrachaos,extrachaos
soyghcg,soyghcg
bill750121,bill750121
PenguinLee,PenguinLee
midasptt,midasptt
LonSW72AZ,LonSW72AZ
ccpsdfg0121,ccpsdfg0121
virginmary,virginmary
bludens,bludens
flying25,flying25
jo78jo78,jo78jo78
tagso,tagso
smartbit,smartbit
artdeco1,artdeco1
imsphzzz,imsphzzz
hbj1941,hbj1941
sl11pman,sl11pman
rainfarmer,rainfarmer
givar,givar
akway,akway
Robben,Robben
inb,inb
meredith001,meredith001
YINCHAUN,YINCHAUN
antipathy,antipathy
chen628,chen628
tarcowang,tarcowang
bloodyiris,bloodyiris
hiroshi22,hiroshi22
silentence,silentence
lici0393,lici0393
hwyi,hwyi
holyhelm,holyhelm
royaljing,royaljing
Hamiltion22,Hamiltion22
a810086,a810086
Lawlight,Lawlight
cloudeda,cloudeda
Anderson0819,Anderson0819
hero720,hero720
nosheep,nosheep
MoDoHiYaKu,MoDoHiYaKu
tcod,tcod
greedystar1,greedystar1
iecdalu,iecdalu
tosn981,tosn981
dahanjian,dahanjian
xx49874039,xx49874039
chkao,chkao
vizcacha,vizcacha
X18999,X18999
hjbe5932,hjbe5932
lanlance,lanlance
allyourshit,allyourshit
ring9527,ring9527
venatici,venatici
brella,brella
c891011,c891011
SINW,SINW
ted0217,ted0217
applegoodeat,applegoodeat
victoryman,victoryman
nikolas,nikolas
starport,starport
fdd486,fdd486
glenmarlboro,glenmarlboro
raysun011081,raysun011081
berryc,berryc
Joeng,Joeng
cooldogy1973,cooldogy1973
suntw,suntw
marunouchi,marunouchi
onepiece2041,onepiece2041
snakei14702,snakei14702
jimmyliu1217,jimmyliu1217
PunkGrass,PunkGrass
freedom168,freedom168
ken0062,ken0062
a195732684,a195732684
chuangtzu,chuangtzu
albert1229,albert1229
Xras,Xras
a80563,a80563
sturmpionier,sturmpionier
seraphimm,seraphimm
niko0202,niko0202
kaku6,kaku6
HsiangFly,HsiangFly
Realite,Realite
picapoya,picapoya
jing0607,jing0607
tony121010,tony121010
sading7,sading7
ericguu,ericguu
prkfcpr,prkfcpr
AnimalKing,AnimalKing
bkm1,bkm1
spector66,spector66
five615,five615
zerowingtw,zerowingtw
LEDG,LEDG
seamen,seamen
ZeroArcher,ZeroArcher
RodrigueZ810,RodrigueZ810
LensofTruth,LensofTruth
phoenixtwo,phoenixtwo
CC97,CC97
impixels,impixels
Sinreigensou,Sinreigensou
Yourmotherla,Yourmotherla
dddcr8024,dddcr8024
rekonon,rekonon
km612tw,km612tw
acln0816,acln0816
m82,m82
jironan,jironan
kuloda,kuloda
ksk0516,ksk0516
RD5566,RD5566
cutbear123,cutbear123
benothing,benothing
e12518166339,e12518166339
Asclepius,Asclepius
lucy7331,lucy7331
AKIRAYOUNG,AKIRAYOUNG
gracefulbook,gracefulbook
oldmangoes,oldmangoes
LAPDSWAT456,LAPDSWAT456
clarkyoona,clarkyoona
reason825,reason825
BuriBuri,BuriBuri
Friend5566,Friend5566
yoji520,yoji520
f860506,f860506
async,async
leon771170,leon771170
zirca,zirca
n6335097,n6335097
g9911731,g9911731
abusgun,abusgun
jimlexus,jimlexus
blessbless,blessbless
Justice5566,Justice5566
ianbh,ianbh
jimzx0147,jimzx0147
fantasyhorse,fantasyhorse
pett,pett
singking,singking
kaku5217,kaku5217
lickllll,lickllll
yyan1218,yyan1218
covenant,covenant
estrellita,estrellita
e0936276915,e0936276915
zxcvbbb,zxcvbbb
Allenguy,Allenguy
homway,homway
smisfun,smisfun
ItjustLove,ItjustLove
thegame09305,thegame09305
eyeter,eyeter
joyous1213,joyous1213
lwamp,lwamp
nelsonxx,nelsonxx
copycat603,copycat603
yor,yor
skylion,skylion
totenkopf001,totenkopf001
tpkgo,tpkgo
jong,jong
sumo,sumo
wwpuma,wwpuma
keydata,keydata
alans,alans
RachelMcAdam,RachelMcAdam
lavarslaker,lavarslaker
yyyyy,yyyyy
steven30528,steven30528
ytkuang,ytkuang
jesiuty,jesiuty
dodo577,dodo577
cl520756,cl520756
cursedsoul,cursedsoul
howiekuohr,howiekuohr
Wilsly,Wilsly
boycome,boycome
Grandslammmm,Grandslammmm
baconcsie,baconcsie
z23061542,z23061542
r13974682,r13974682
YOSO8601,YOSO8601
ericisfish,ericisfish
toastegg,toastegg
genius721105,genius721105
monkey6,monkey6
kuso2005,kuso2005
bluenan,bluenan
fattor,fattor
webster1112,webster1112
gl6mp6,gl6mp6
kenyeh001,kenyeh001
kawo,kawo
rada118,rada118
Molester5566,Molester5566
lanx105,lanx105
takabashi,takabashi
slimak,slimak
edwin11017,edwin11017
chenyei,chenyei
Oisiossos,Oisiossos
killerbbt,killerbbt
airways,airways
deangod99,deangod99
larusa,larusa
kenshin333,kenshin333
omoi1988,omoi1988
vodkaisgood,vodkaisgood
iamandre,iamandre
b08297,b08297
yesfay,yesfay
tim1112,tim1112
yuching726,yuching726
acserro,acserro
f016tw,f016tw
gaygay5566,gaygay5566
MADAOTW,MADAOTW
Rrrxddd,Rrrxddd
pkpk23456,pkpk23456
preisner,preisner
hsu0612,hsu0612
g9122xj,g9122xj
didder,didder
dido0208,dido0208
gisasy001,gisasy001
liudwan,liudwan
tigerzz3,tigerzz3
zippy,zippy
warchiefdodo,warchiefdodo
scsajk01,scsajk01
lazycat5,lazycat5
LUB5566,LUB5566
whiteheart,whiteheart
richjf,richjf
anyweather,anyweather
sleepsnow,sleepsnow
andy02,andy02
waiyee,waiyee
ab4daa,ab4daa
abc55643,abc55643
bighorse0,bighorse0
tavern,tavern
u5710587,u5710587
demitri,demitri
sazabisazabi,sazabisazabi
rayven,rayven
TWTP2018,TWTP2018
yien,yien
macoto4444,macoto4444
daster,daster
momocom,momocom
driftingjong,driftingjong
OdinSword,OdinSword
smartwife,smartwife
chathamcat,chathamcat
moswu,moswu
kevinmeng2,kevinmeng2
vsbrm,vsbrm
WTF55665566,WTF55665566
shenmue1001,shenmue1001
ansontyc,ansontyc
casper955033,casper955033
ZOTA15,ZOTA15
dadidi,dadidi
outlookterry,outlookterry
Mazda6,Mazda6
vow70,vow70
a176893,a176893
kbook,kbook
zhome2288,zhome2288
AVALONLOVER,AVALONLOVER
liam1984,liam1984
kismets,kismets
charmingpink,charmingpink
mountain821,mountain821
CYL009,CYL009
reynaud,reynaud
lwt501cx,lwt501cx
LTSC1980,LTSC1980
wade59420,wade59420
Moratti,Moratti
yudeifish,yudeifish
tim2468x,tim2468x
Sayd20,Sayd20
livi362,livi362
AlenCKH,AlenCKH
hammers,hammers
SammyDeluxe,SammyDeluxe
blargelp,blargelp
zeuswell,zeuswell
bullace,bullace
bighouse,bighouse
orzooozro,orzooozro
ozakiinptt,ozakiinptt
ryu38,ryu38
deathslipkno,deathslipkno
amaranth5566,amaranth5566
yutinbabe,yutinbabe
Xceberus,Xceberus
Wand,Wand
seanidiot,seanidiot
QbChiu,QbChiu
guitarspirit,guitarspirit
atzer2002,atzer2002
Gavatzky,Gavatzky
wewants,wewants
percy921,percy921
catvsdog,catvsdog
remprogress,remprogress
terminator3,terminator3
kint567,kint567
smallcar801,smallcar801
Westzone,Westzone
kazamitaketo,kazamitaketo
osarain,osarain
caelum,caelum
s6210603,s6210603
jason486,jason486
rrrrewqqwe,rrrrewqqwe
fonzae,fonzae
ubcs,ubcs
thepstar,thepstar
paul5566,paul5566
black205,black205
kuoeight,kuoeight
finger99,finger99
suikokuo,suikokuo
wei09955104,wei09955104
CTHsieh,CTHsieh
alice1967,alice1967
thouloveme,thouloveme
okgod,okgod
ivorysoap,ivorysoap
bom30433,bom30433
iPenis,iPenis
CHY5566,CHY5566
jazz19860929,jazz19860929
kashnes,kashnes
leoamyp4,leoamyp4
fireslayer,fireslayer
jeffky,jeffky
kmliao,kmliao
zoeapezoo,zoeapezoo
Aatrox,Aatrox
uuuu120,uuuu120
sss6515366,sss6515366
ilanese,ilanese
lomeoh,lomeoh
jusifs,jusifs
wumins,wumins
cress0128,cress0128
aaa1124078,aaa1124078
jim1122,jim1122
cli6012,cli6012
DreamYeh,DreamYeh
SnakeO,SnakeO
freakwei,freakwei
sa080691,sa080691
yun0112,yun0112
andy199113,andy199113
a1chemy,a1chemy
DANANPA,DANANPA
mmppeegg,mmppeegg
kterry01,kterry01
damilygjo3al,damilygjo3al
EggAcme,EggAcme
tim855042,tim855042
chalin27,chalin27
AGODFATHER,AGODFATHER
cheinshin,cheinshin
pcmcia,pcmcia
jasontime,jasontime
oscarwu3041,oscarwu3041
godchoice,godchoice
xianfen,xianfen
fatout,fatout
gooho,gooho
OnceAFreak,OnceAFreak
nanami56,nanami56
Delisaac,Delisaac
hsnumax,hsnumax
chenggong,chenggong
charliefan,charliefan
HADYKID,HADYKID
sandy0327,sandy0327
wcl1617,wcl1617
maesww,maesww
ntlutw,ntlutw
ecat,ecat
pass999,pass999
amare1015,amare1015
a7788783,a7788783
william12tw,william12tw
elainakuo,elainakuo
chirex,chirex
GUMIGUMI,GUMIGUMI
TedZec,TedZec
chrisjohn214,chrisjohn214
hulalu,hulalu
agoodjob,agoodjob
tony900735,tony900735
ckbdfrst,ckbdfrst
rjaws,rjaws
dog990999,dog990999
catsai,catsai
problems198,problems198
uhbygv45,uhbygv45
Xulture,Xulture
lunRUSSELL,lunRUSSELL
ak904,ak904
LBJ4,LBJ4
kevin05233,kevin05233
s3z15a3z15a,s3z15a3z15a
poggssi,poggssi
cafca,cafca
mcamory,mcamory
greenart2016,greenart2016
MookieBetts,MookieBetts
cal629195,cal629195
allenn,allenn
malisse74,malisse74
windom,windom
mukuro,mukuro
scratch01,scratch01
gn01614741,gn01614741
alexrow,alexrow
wwwaa1217,wwwaa1217
a410006108,a410006108
Chantaljones,Chantaljones
saiulbb,saiulbb
alex8725,alex8725
pig2014,pig2014
greenbelt,greenbelt
good9717025,good9717025
ssiou,ssiou
mury1414,mury1414
blackdog1943,blackdog1943
upeo,upeo
allenatptt,allenatptt
andy8105,andy8105
kevin810475,kevin810475
smik,smik
randylee,randylee
yeats0114,yeats0114
hcc310,hcc310
kyox99,kyox99
nsps5303,nsps5303
jason850204,jason850204
FIREEX,FIREEX
star1234,star1234
louie811003,louie811003
flavorBZ,flavorBZ
qwe3457878,qwe3457878
sunsam,sunsam
deshuge1,deshuge1
Kyameron,Kyameron
rko1470,rko1470
tddt,tddt
ILoveKMT,ILoveKMT
natty7606,natty7606
azure,azure
kenny0111,kenny0111
hyoerious,hyoerious
CmonYall,CmonYall
skaterboy13,skaterboy13
